<?xml version="1.0" encoding="utf-8"?>
<extension type="plugin" group="system" method="upgrade">
    <name>plg_system_vmforce404</name>
    <author>deadenddeveloper</author>
    <creationDate>2026-02-28</creationDate>
    <version>1.0</version>
    <description>Плагин для строгой проверки URL товаров и категорий VirtueMart любой вложенности с поддержкой кастомной страницы 404.</description>
    
    <files>
        <filename plugin="vmforce404">vmforce404.php</filename>
    </files>

    <config>
        <fields name="params">
            <fieldset name="basic" label="Основные настройки">
                <field 
                    name="excluded_paths" 
                    type="textarea" 
                    label="Исключенные пути" 
                    description="Введите пути по одному в строке, которые не нужно проверять (например, blog, news). Все итак должно работать, но если один или несколько url все таки отдают 404 сюда можно ввести его и исключить из проверки плагином"
                    rows="5" 
                    cols="40" 
                />
                <field 
                    name="custom_error_file" 
                    type="text" 
                    label="Кастомный файл 404" 
                    description="Для программистов! Не влияет на служебные страницы, они пропускаются плагином! Введите путь к вашему кастомному файлу 404 относительно корня сайта. Пример: templates/my_theme/error_404.php. Если пусто, используется файл error.php текущей темы."
                    size="50" 
                />
            </fieldset>
        </fields>
    </config>
</extension>